{
    "training_loss": 11523.58651455966,
    "validation_loss": 8771.930826822916,
    "training_duration": 0.4545307159423828
}