{
    "training_loss": 16211.714888139204,
    "validation_loss": 11013.6162109375,
    "training_duration": 0.4992825984954834
}