{
    "training_loss": 16229.90420809659,
    "validation_loss": 11900.341634114584,
    "training_duration": 0.5494413375854492
}