{
    "training_loss": 14946.28133877841,
    "validation_loss": 10578.873372395834,
    "training_duration": 0.7502944469451904
}