{
    "training_loss": 15669.848322088068,
    "validation_loss": 10952.585530598959,
    "training_duration": 0.44465112686157227
}