{
    "training_loss": 14316.548384232954,
    "validation_loss": 12193.6435546875,
    "training_duration": 0.44726037979125977
}