{
    "training_loss": 11266.141335227272,
    "validation_loss": 8917.61962890625,
    "training_duration": 0.448638916015625
}