{
    "training_loss": 28511.044211647728,
    "validation_loss": 23820.345052083332,
    "training_duration": 0.5688526630401611
}