{
    "training_loss": 15864.243785511364,
    "validation_loss": 11897.106770833334,
    "training_duration": 0.4496297836303711
}