{
    "training_loss": 11918.992697975853,
    "validation_loss": 10471.423014322916,
    "training_duration": 0.45685744285583496
}