{
    "training_loss": 12291.795232599432,
    "validation_loss": 9752.647298177084,
    "training_duration": 0.4288332462310791
}