{
    "training_loss": 14370.748002485796,
    "validation_loss": 10913.180989583334,
    "training_duration": 0.6971144676208496
}