{
    "training_loss": 11189.81534090909,
    "validation_loss": 9479.07275390625,
    "training_duration": 0.4520711898803711
}