{
    "training_loss": 12283.677024147728,
    "validation_loss": 9240.0625,
    "training_duration": 0.4453403949737549
}