{
    "training_loss": 15065.519819779829,
    "validation_loss": 11668.877278645834,
    "training_duration": 0.49536991119384766
}