{
    "training_loss": 12451.29012784091,
    "validation_loss": 9053.88818359375,
    "training_duration": 0.5882418155670166
}