{
    "training_loss": 11880.30721768466,
    "validation_loss": 9472.971354166666,
    "training_duration": 0.6017155647277832
}