{
    "training_loss": 11869.494495738636,
    "validation_loss": 9854.79296875,
    "training_duration": 0.5622737407684326
}