{
    "training_loss": 31078.86541193182,
    "validation_loss": 26790.075520833332,
    "training_duration": 0.6811840534210205
}