{
    "training_loss": 19030.92302911932,
    "validation_loss": 14665.259114583334,
    "training_duration": 0.47632861137390137
}