{
    "training_loss": 11767.010120738636,
    "validation_loss": 9621.6630859375,
    "training_duration": 0.5632939338684082
}