{
    "training_loss": 11811.19140625,
    "validation_loss": 10370.693522135416,
    "training_duration": 0.4613058567047119
}