{
    "training_loss": 30182.32439630682,
    "validation_loss": 25108.6640625,
    "training_duration": 0.5710222721099854
}