{
    "training_loss": 28436.965110085228,
    "validation_loss": 22328.171223958332,
    "training_duration": 0.5390524864196777
}