{
    "training_loss": 13849.843217329546,
    "validation_loss": 8929.923828125,
    "training_duration": 0.6177856922149658
}