{
    "best_validation_RMSE": 99.16756729372553,
    "best_params": {
        "alpha": 0.001,
        "learning_rate": "invscaling"
    },
    "cv_results": {
        "mean_fit_time": [
            0.001733112335205078,
            0.0029760360717773437,
            0.0028643131256103514,
            0.0013083934783935547,
            0.005083036422729492,
            0.0019910335540771484,
            0.0013839244842529298,
            0.00639185905456543,
            0.00228424072265625,
            0.001601409912109375,
            0.001390361785888672,
            0.0019277572631835938
        ],
        "std_fit_time": [
            0.0002079748866703767,
            0.00037320422896047067,
            0.00038989351793273255,
            0.00033134107924915257,
            0.005415694320279693,
            0.0006210194317992862,
            0.0005093410739647387,
            0.010697829345133246,
            0.0004593407613855879,
            0.0005438742711696218,
            0.0005191461850058002,
            0.00036880959443540823
        ],
        "mean_score_time": [
            0.0013260841369628906,
            0.0015604019165039063,
            0.0010372161865234374,
            0.0011378765106201173,
            0.0008371829986572266,
            0.0007013797760009766,
            0.0007692337036132813,
            0.0005750179290771485,
            0.0008902549743652344,
            0.0008167743682861329,
            0.0007065773010253906,
            0.0006888389587402343
        ],
        "std_score_time": [
            0.0001834583483249451,
            0.0001605195220389956,
            0.00025571512873547253,
            0.0005261662771360674,
            0.0001792228854282927,
            0.00015832784562899973,
            0.0002344308482533342,
            0.00016601463505593536,
            0.00022890125629369205,
            0.00026141478575027833,
            0.00021378921534403905,
            0.00019908516127747192
        ],
        "param_alpha": [
            0.0001,
            0.0001,
            0.0001,
            0.001,
            0.001,
            0.001,
            0.01,
            0.01,
            0.01,
            0.1,
            0.1,
            0.1
        ],
        "param_learning_rate": [
            "constant",
            "optimal",
            "invscaling",
            "constant",
            "optimal",
            "invscaling",
            "constant",
            "optimal",
            "invscaling",
            "constant",
            "optimal",
            "invscaling"
        ],
        "params": [
            {
                "alpha": 0.0001,
                "learning_rate": "constant"
            },
            {
                "alpha": 0.0001,
                "learning_rate": "optimal"
            },
            {
                "alpha": 0.0001,
                "learning_rate": "invscaling"
            },
            {
                "alpha": 0.001,
                "learning_rate": "constant"
            },
            {
                "alpha": 0.001,
                "learning_rate": "optimal"
            },
            {
                "alpha": 0.001,
                "learning_rate": "invscaling"
            },
            {
                "alpha": 0.01,
                "learning_rate": "constant"
            },
            {
                "alpha": 0.01,
                "learning_rate": "optimal"
            },
            {
                "alpha": 0.01,
                "learning_rate": "invscaling"
            },
            {
                "alpha": 0.1,
                "learning_rate": "constant"
            },
            {
                "alpha": 0.1,
                "learning_rate": "optimal"
            },
            {
                "alpha": 0.1,
                "learning_rate": "invscaling"
            }
        ],
        "split0_test_score": [
            -534096196.8503868,
            -6.237461422987051e+25,
            -7228.394716415426,
            -231475021.54882157,
            -1.769895413267653e+22,
            -7157.202317121496,
            -930800.7422741674,
            -1.754803665343842e+20,
            -7101.83401329305,
            -584560.7657141227,
            -1858987159.788421,
            -6957.52120523042
        ],
        "split1_test_score": [
            -107225234.37475707,
            -1.707194973970635e+25,
            -14675.742896332238,
            -10096602.898725253,
            -1.5270019262887834e+19,
            -14678.398662926948,
            -109171899.76993412,
            -3.79403044508691e+20,
            -14631.026629570208,
            -373910.38467398996,
            -372632959936.1666,
            -14468.049159327751
        ],
        "split2_test_score": [
            -90362820.47426258,
            -1.1628615178043086e+25,
            -15118.455380010006,
            -60127973.58707068,
            -1.2391552771924335e+19,
            -15108.034381395064,
            -218686597.26972276,
            -1.0314009775652011e+21,
            -15066.327985433762,
            -827410.3406359123,
            -2837676587.898756,
            -15414.906964387255
        ],
        "split3_test_score": [
            -1058360999.6743083,
            -1.3061192826072895e+25,
            -9430.778386685266,
            -1047592154.3872968,
            -3.0730636466798137e+19,
            -9463.614625008555,
            -78410480.3979414,
            -2.4844949407506334e+19,
            -9591.041643326314,
            -460810.2133497923,
            -70068999371.78033,
            -9218.090409534176
        ],
        "split4_test_score": [
            -6894.559062226583,
            -5.066156114052705e+24,
            -6305.399764821964,
            -7434.261034309118,
            -5.934026909073738e+21,
            -6303.6484573880525,
            -6459.184996551562,
            -4684265034473962.0,
            -6453.556015583736,
            -7185.329533810801,
            -130358.61046587567,
            -6840.894752170888
        ],
        "mean_test_score": [
            -358010429.18655545,
            -2.1840505617549107e+25,
            -10551.75422885298,
            -269859837.3365897,
            -4.738274650050375e+21,
            -10542.179688768023,
            -81441247.4729738,
            -3.222268044561634e+20,
            -10568.757257441413,
            -450775.4067815255,
            -89479750682.8489,
            -10579.892498130099
        ],
        "std_test_score": [
            396028308.67205966,
            2.063245466181898e+25,
            3693.0982509352543,
            397649509.78248227,
            6.873292523205087e+21,
            3702.4818130297836,
            80904903.98362078,
            3.7947192510825064e+20,
            3650.768159412946,
            269270.6746986423,
            144043998024.29956,
            3672.9092002756515
        ],
        "rank_test_score": [
            8,
            12,
            2,
            7,
            11,
            1,
            6,
            10,
            3,
            5,
            9,
            4
        ]
    }
}