{
    "training_loss": 28480.300159801136,
    "validation_loss": 24211.639973958332,
    "training_duration": 0.45760369300842285
}