{
    "training_loss": 14582.65340909091,
    "validation_loss": 12256.091796875,
    "training_duration": 0.5825345516204834
}