{
    "training_loss": 26511.89861505682,
    "validation_loss": 22804.220703125,
    "training_duration": 0.9526772499084473
}