{
    "training_loss": 11539.90380859375,
    "validation_loss": 9170.663248697916,
    "training_duration": 0.5660700798034668
}