{
    "training_loss": 17534.168989701706,
    "validation_loss": 12559.416341145834,
    "training_duration": 0.5207557678222656
}