{
    "training_loss": 15570.32723721591,
    "validation_loss": 11563.084147135416,
    "training_duration": 0.572202205657959
}