{
    "training_loss": 27467.999556107956,
    "validation_loss": 20576.795572916668,
    "training_duration": 0.6165146827697754
}