{
    "training_loss": 15143.226118607954,
    "validation_loss": 11880.877604166666,
    "training_duration": 0.575814962387085
}