{
    "training_loss": 11537.78946200284,
    "validation_loss": 8934.6474609375,
    "training_duration": 0.5551347732543945
}