{
    "training_loss": 15695.13192471591,
    "validation_loss": 12004.739908854166,
    "training_duration": 0.5801572799682617
}