{
    "training_loss": 14474.22216796875,
    "validation_loss": 11894.9345703125,
    "training_duration": 0.48560428619384766
}