{
    "training_loss": 12432.324662642046,
    "validation_loss": 10562.771647135416,
    "training_duration": 0.575397253036499
}