{
    "training_loss": 11378.02490234375,
    "validation_loss": 9587.953450520834,
    "training_duration": 0.6103105545043945
}