{
    "training_loss": 15090.87109375,
    "validation_loss": 12366.993489583334,
    "training_duration": 0.46601343154907227
}