{
    "training_loss": 16523.166903409092,
    "validation_loss": 11711.4736328125,
    "training_duration": 0.6028380393981934
}