{
    "training_loss": 12420.654296875,
    "validation_loss": 10148.526204427084,
    "training_duration": 0.5406608581542969
}