{
    "training_loss": 12288.419810901989,
    "validation_loss": 10442.205729166666,
    "training_duration": 0.4941887855529785
}