{
    "training_loss": 13123.395152698864,
    "validation_loss": 8826.302571614584,
    "training_duration": 0.45299458503723145
}