{
    "training_loss": 14059.824174360796,
    "validation_loss": 11559.130533854166,
    "training_duration": 0.4969158172607422
}