{
    "training_loss": 15674.66162109375,
    "validation_loss": 11313.1015625,
    "training_duration": 0.41579127311706543
}