{
    "training_loss": 27921.015536221592,
    "validation_loss": 25798.607747395832,
    "training_duration": 0.5201120376586914
}