{
    "training_loss": 15117.193803267046,
    "validation_loss": 11140.11181640625,
    "training_duration": 0.4446401596069336
}