{
    "training_loss": 12440.896262428978,
    "validation_loss": 9214.89599609375,
    "training_duration": 0.4532003402709961
}