{
    "training_loss": 24604.524058948864,
    "validation_loss": 20066.246744791668,
    "training_duration": 0.5940406322479248
}