{
    "training_loss": 16187.343306107954,
    "validation_loss": 11321.206868489584,
    "training_duration": 0.5621483325958252
}