{
    "training_loss": 13077.803577769886,
    "validation_loss": 9307.118977864584,
    "training_duration": 0.5603339672088623
}