{
    "training_loss": 25238.55291193182,
    "validation_loss": 23310.7568359375,
    "training_duration": 0.5477404594421387
}