{
    "training_loss": 14375.094193892046,
    "validation_loss": 10784.083984375,
    "training_duration": 0.6011202335357666
}