{"validation_accuracy": 0.312, "best_params": {"max_depth": 10}, "cv_results": {"mean_fit_time": [0.0043714046478271484, 0.0030256271362304687, 0.003798055648803711, 0.004151010513305664], "std_fit_time": [0.000269740504818455, 0.0005869315460187212, 0.0008549432463411111, 0.00019441046838235645], "mean_score_time": [0.0013150691986083985, 0.0010547161102294922, 0.0012247085571289063, 0.0012073040008544922], "std_score_time": [5.397944060829542e-05, 0.00027739955675015667, 0.00019478143636671375, 0.00022975206839019575], "param_max_depth": [null, 10, 20, 30], "params": [{"max_depth": null}, {"max_depth": 10}, {"max_depth": 20}, {"max_depth": 30}], "split0_test_score": [0.24786324786324787, 0.26495726495726496, 0.2564102564102564, 0.26495726495726496], "split1_test_score": [0.31896551724137934, 0.3879310344827586, 0.3706896551724138, 0.28448275862068967], "split2_test_score": [0.29310344827586204, 0.3275862068965517, 0.29310344827586204, 0.3103448275862069], "split3_test_score": [0.27586206896551724, 0.3103448275862069, 0.3103448275862069, 0.2413793103448276], "split4_test_score": [0.29310344827586204, 0.3103448275862069, 0.31896551724137934, 0.35344827586206895], "mean_test_score": [0.2857795461243737, 0.32023283230179783, 0.3099027409372237, 0.2909224874742116], "std_test_score": [0.023428998234883956, 0.03971914479501315, 0.0372049470688258, 0.03861836557153628], "rank_test_score": [4, 1, 2, 3]}}